{"means": [[0.28443347241588257, 0.3404885865178878, 0.4482880241511888], [0.7043234391747242, 0.7100962165235992, 0.5475616705066945]], "sigmas": [[0.16087093756746215, 0.25925090815197366, 0.15626925678535933], [0.19858994644782463, 0.19704579636393976, 0.20657288682164962]], "weights": [-0.2410699856217371, 0.9534615762732118, 0.3077662440695963]}