{"X_min": [20.185839573143564, 31.35943876572644], "X_max": [39.97948830669782, 89.96869765297677], "y_min": 70.72814172063337, "y_max": 140.6205596289285}