{
    "mse_final": 0.015586988305670008,
    "peso_medio_final": 0.3400526115736904
}